{
	"info": {
		"_postman_id": "c028b844-ec46-450e-a709-4bc22a9f4e61",
		"name": "DV",
		"schema": "https://schema.getpostman.com/json/collection/v2.1.0/collection.json",
		"_exporter_id": "17543112"
	},
	"item": [
		{
			"name": "Get User By ID",
			"event": [
				{
					"listen": "test",
					"script": {
						"exec": [
							"pm.test(\"Successful response\", function () {",
							"    pm.expect(pm.response.text()).to.include(\"janet.weaver@reqres.in\");",
							"});",
							""
						],
						"type": "text/javascript"
					}
				}
			],
			"request": {
				"method": "GET",
				"header": [],
				"url": {
					"raw": "https://reqres.in/api/users/2",
					"protocol": "https",
					"host": [
						"reqres",
						"in"
					],
					"path": [
						"api",
						"users",
						"2"
					]
				}
			},
			"response": []
		},
		{
			"name": "Update User",
			"event": [
				{
					"listen": "test",
					"script": {
						"exec": [
							"pm.test(\"Successful response\", function () {\r",
							"\tpm.expect(pm.response.text()).to.include(\"updatedAt\");\r",
							"});"
						],
						"type": "text/javascript"
					}
				}
			],
			"request": {
				"method": "PUT",
				"header": [],
				"body": {
					"mode": "raw",
					"raw": "{\r\n    \"job\" : \"updated job title\"\r\n}"
				},
				"url": {
					"raw": "https://reqres.in/api/users/{{id}}",
					"protocol": "https",
					"host": [
						"reqres",
						"in"
					],
					"path": [
						"api",
						"users",
						"{{id}}"
					]
				}
			},
			"response": []
		},
		{
			"name": "Get All Users",
			"event": [
				{
					"listen": "test",
					"script": {
						"exec": [
							"pm.test(\"Successful response\", function () {",
							"    pm.expect(pm.response.text()).to.include(\"12\");",
							"});"
						],
						"type": "text/javascript"
					}
				}
			],
			"request": {
				"method": "GET",
				"header": [],
				"url": {
					"raw": "https://reqres.in/api/users",
					"protocol": "https",
					"host": [
						"reqres",
						"in"
					],
					"path": [
						"api",
						"users"
					]
				}
			},
			"response": []
		}
	]
}