{
	"id": "b3de96fc-6397-4e03-aa06-234dc99ea558",
	"name": "project3",
	"values": [
		{
			"key": "name",
			"value": "Ryan",
			"type": "default",
			"enabled": true
		},
		{
			"key": "age",
			"value": "31",
			"type": "default",
			"enabled": true
		},
		{
			"key": "salary",
			"value": "150000",
			"type": "default",
			"enabled": true
		},
		{
			"key": "id",
			"value": "",
			"type": "any",
			"enabled": true
		}
	],
	"_postman_variable_scope": "environment",
	"_postman_exported_at": "2022-06-17T08:51:43.690Z",
	"_postman_exported_using": "Postman/9.21.2"
}