{
	"info": {
		"_postman_id": "0ba10884-c2da-4990-a192-07b16cae7f47",
		"name": "Regression",
		"schema": "https://schema.getpostman.com/json/collection/v2.1.0/collection.json",
		"_exporter_id": "17543112"
	},
	"item": [
		{
			"name": "Get All Users",
			"event": [
				{
					"listen": "test",
					"script": {
						"exec": [
							"pm.test(\"Successful response\", function () {",
							"    pm.expect(pm.response.text()).to.include(\"success\");",
							"});",
							""
						],
						"type": "text/javascript"
					}
				}
			],
			"request": {
				"method": "GET",
				"header": [],
				"url": {
					"raw": "https://dummy.restapiexample.com/api/v1/employees",
					"protocol": "https",
					"host": [
						"dummy",
						"restapiexample",
						"com"
					],
					"path": [
						"api",
						"v1",
						"employees"
					]
				}
			},
			"response": []
		},
		{
			"name": "Create User",
			"event": [
				{
					"listen": "test",
					"script": {
						"exec": [
							"pm.test(\"Successful response\", function () {",
							"    pm.expect(pm.response.text()).to.include(\"id\");",
							"});",
							"",
							"var json = pm.response.json();",
							"",
							"pm.environment.set(\"id\", json.id);",
							""
						],
						"type": "text/javascript"
					}
				}
			],
			"request": {
				"method": "POST",
				"header": [],
				"body": {
					"mode": "raw",
					"raw": "{\n    \"name\": \"{{name}}\",\n    \"job\": \"{{job}}\"\n}",
					"options": {
						"raw": {
							"language": "json"
						}
					}
				},
				"url": {
					"raw": "https://reqres.in/api/users",
					"protocol": "https",
					"host": [
						"reqres",
						"in"
					],
					"path": [
						"api",
						"users"
					]
				}
			},
			"response": []
		},
		{
			"name": "Update Employee",
			"event": [
				{
					"listen": "test",
					"script": {
						"exec": [
							"pm.test(\"Successful response\", function () {\r",
							"\tpm.expect(pm.response.text()).to.include(\"updatedAt\");\r",
							"});"
						],
						"type": "text/javascript"
					}
				}
			],
			"request": {
				"method": "PUT",
				"header": [],
				"body": {
					"mode": "raw",
					"raw": "{\r\n    \"job\" : \"new job\"\r\n}"
				},
				"url": {
					"raw": "https://reqres.in/api/users/{{id}}",
					"protocol": "https",
					"host": [
						"reqres",
						"in"
					],
					"path": [
						"api",
						"users",
						"{{id}}"
					]
				}
			},
			"response": []
		},
		{
			"name": "Delete Employee",
			"event": [
				{
					"listen": "test",
					"script": {
						"exec": [
							"pm.test(\"Status code is 204\", function () {\r",
							"    pm.response.to.have.status(204);\r",
							"});"
						],
						"type": "text/javascript"
					}
				}
			],
			"request": {
				"method": "DELETE",
				"header": [],
				"url": {
					"raw": "https://reqres.in/api/users/{{id}}",
					"protocol": "https",
					"host": [
						"reqres",
						"in"
					],
					"path": [
						"api",
						"users",
						"{{id}}"
					]
				}
			},
			"response": []
		}
	]
}